{
    "a":{
        "b":276.025077,
        "c":679.7026769,
        "g":655.098004,
        "h":162.6117352
    },
    "b":{
        "a":276.025077,
        "g":118.9976816
    },
    "c":{
        "a":679.7026769,
        "d":498.364052,
        "g":959.7439585,
        "j":340.3857267,
        "p":585.267751,
        "q":223.8119395,
        "r":751.2670593,
        "u":255.0951155,
        "v":505.9570517
    },
    "d":{
        "c":498.364052,
        "g":959.2914252,
        "i":699.0767227,
        "j":890.9032525
    },
    "e":{
        "f":547.21553,
        "h":138.6244428
    },
    "f":{
        "e":547.21553,
        "h":149.2940056,
        "i":257.5082541,
        "j":840.717256,
        "n":254.282179,
        "o":814.2848261
    },
    "g":{
        "a":655.098004,
        "b":118.9976816,
        "c":959.7439585,
        "d":959.2914252,
        "h":243.5249687
    },
    "h":{
        "a":162.6117352,
        "e":138.6244428,
        "f":149.2940056,
        "g":243.5249687
    },
    "i":{
        "d":699.0767227,
        "f":257.5082541,
        "j":929.2636232,
        "n":349.983766
    },
    "j":{
        "c":340.3857267,
        "d":890.9032525,
        "f":840.717256,
        "i":929.2636232,
        "n":196.5952504,
        "q":251.083858,
        "w":616.0446761
    },
    "k":{
        "l":473.2888489,
        "n":351.6595071,
        "o":830.8286279
    },
    "l":{
        "k":473.2888489,
        "m":585.2640912,
        "n":549.7236083,
        "o":917.1936638
    },
    "m":{
        "l":585.2640912,
        "n":757.2002291,
        "y":285.8390188
    },
    "n":{
        "f":254.282179,
        "i":349.983766,
        "j":196.5952504,
        "k":351.6595071,
        "l":549.7236083,
        "m":757.2002291,
        "p":753.7290943,
        "q":380.445847,
        "r":567.8216407,
        "w":75.85428956
    },
    "o":{
        "f":814.2848261,
        "k":830.8286279,
        "l":917.1936638
    },
    "p":{
        "c":585.267751,
        "n":753.7290943,
        "q":53.95011867,
        "r":530.797553,
        "v":779.1672301
    },
    "q":{
        "c":223.8119395,
        "j":251.083858,
        "n":380.445847,
        "p":53.95011867,
        "r":934.0106842
    },
    "r":{
        "c":751.2670593,
        "n":567.8216407,
        "p":530.797553,
        "q":934.0106842,
        "s":129.9062085,
        "t":568.8236609,
        "u":469.3906411,
        "v":11.9020695,
        "w":337.1226444
    },
    "s":{
        "r":129.9062085,
        "v":162.1823082
    },
    "t":{
        "r":568.8236609,
        "u":794.2845407
    },
    "u":{
        "c":255.0951155,
        "r":469.3906411,
        "t":794.2845407
    },
    "v":{
        "c":505.9570517,
        "p":779.1672301,
        "r":11.9020695,
        "s":162.1823082,
        "w":311.215042
    },
    "w":{
        "j":616.0446761,
        "n":75.85428956,
        "r":337.1226444,
        "v":311.215042,
        "x":528.5331355,
        "y":601.9819414
    },
    "x":{
        "w":528.5331355,
        "y":262.9712845
    },
    "y":{
        "m":285.8390188,
        "w":601.9819414,
        "x":262.9712845
    }
}